Customer ID,Customer Name,Segment,Country
RH-19495,Rick Hansen,Consumer,United States
JR-16210,Justin Ritter,Corporate,Australia
CR-12730,Craig Reiter,Consumer,Australia
KM-16375,Katherine Murray,Home Office,Germany
RH-9495,Rick Hansen,Consumer,Senegal
JM-15655,Jim Mitchum,Corporate,Australia
TS-21340,Toby Swindell,Consumer,New Zealand
MB-18085,Mick Brown,Consumer,New Zealand
JW-15220,Jane Waco,Corporate,United States
JH-15985,Joseph Holt,Consumer,United States
GM-14695,Greg Maxwell,Corporate,United States
AJ-10780,Anthony Jacobs,Corporate,Afghanistan
MM-7260,Magdelene Morse,Consumer,Saudi Arabia
VF-21715,Vicky Freymann,Home Office,Brazil
PF-19120,Peter Fuller,Consumer,China
BP-11185,Ben Peterman,Corporate,France
TB-21175,Thomas Boland,Corporate,United States
PJ-18835,Patrick Jones,Corporate,Italy
JS-15685,Jim Sink,Corporate,Australia
RH-9555,Ritsa Hightower,Consumer,Tanzania
AB-600,Ann Blume,Corporate,Poland
SA-20830,Sue Ann Reed,Consumer,United States
JK-15325,Jason Klamczynski,Corporate,China
LB-16795,Laurel Beltran,Home Office,United Kingdom
NP-18325,Naresj Patel,Consumer,Mexico
VD-21670,Valerie Dominguez,Consumer,El Salvador
PB-19210,Phillip Breyer,Corporate,Taiwan
EB-14110,Eugene Barchas,Consumer,Germany
KF-16285,Karen Ferguson,Home Office,United States
BP-11230,Benjamin Patterson,Consumer,India
RR-19525,Rick Reed,Corporate,Dominican Republic
BS-11365,Bill Shonely,Corporate,France
JE-15745,Joel Eaton,Consumer,United States
DP-13105,Dave Poirier,Corporate,Australia
NP-18700,Nora Preis,Consumer,United States
AH-30,Aaron Hawkins,Corporate,Democratic Republic of the Congo
DM-13015,Darrin Martin,Consumer,United States
GT-14635,Grant Thornton,Corporate,United States
PO-18865,Patrick O'Donnell,Consumer,United Kingdom
DL-12865,Dan Lawera,Consumer,Australia
JB-16000,Joy Bell-,Consumer,Indonesia
BF-11005,Barry Franz,Home Office,India
VG-21805,Vivek Grady,Corporate,India
GT-14710,Greg Tran,Consumer,United Kingdom
ZC-21910,Zuschuss Carroll,Consumer,Germany
SC-20095,Sanjit Chand,Consumer,United States
EB-13840,Ellis Ballard,Corporate,France
AP-10915,Arthur Prichep,Consumer,China
SW-20275,Scott Williamson,Consumer,India
JH-15820,John Huston,Consumer,Uruguay
LC-16885,Lena Creighton,Consumer,United States
TG-11640,Trudy Glocke,Consumer,Iran
HR-14830,Harold Ryan,Corporate,United States
DG-3300,Phillip Breyer,Corporate,Taiwan
SG-20470,Deirdre Greer,Corporate,Mozambique
FH-14365,Sheri Gordon,Consumer,India
GP-14740,Fred Hopkins,Corporate,United States
MW-18220,Guy Phonely,Corporate,India
PO-18850,Mitch Webber,Consumer,Australia
CS-12460,Patrick O'Brill,Consumer,United States
KD-16495,Chuck Sachs,Consumer,Bangladesh
MS-17980,Keith Dawkins,Corporate,United States
KC-16675,Michael Stewart,Corporate,Germany
DB-13405,Kimberly Carter,Corporate,Germany
JD-15895,Denny Blanton,Consumer,China
DK-13090,Jonathan Doherty,Corporate,United States
CS-11845,Dave Kipp,Consumer,Spain
EM-14200,Cari Sayre,Corporate,India
DW-3480,Evan Minnotte,Home Office,Mexico
AS-10225,Dianna Wilson,Home Office,Ukraine
ST-20530,Alan Schoenberger,Corporate,China
BW-1065,Shui Tom,Consumer,Nicaragua
LA-16780,Barry Weirich,Consumer,Democratic Republic of the Congo
AB-10150,Laura Armstrong,Corporate,Indonesia
CM-12385,Aimee Bixby,Consumer,United Kingdom
BE-11410,John Huston,Consumer,Australia
SZ-20035,Christopher Martinez,Consumer,United States
RM-19375,Bobby Elias,Consumer,Germany
HG-14845,Sam Zeldin,Home Office,China
DP-3105,Raymond Messe,Consumer,India
AR-10540,Harry Greene,Consumer,France
TP-21415,Dave Poirier,Corporate,Morocco
AM-10705,Andy Reiter,Consumer,United States
AB-255,Tom Prescott,Consumer,United States
RP-19270,Joy Bell-,Consumer,Germany
BK-11260,Anne McFarland,Consumer,Indonesia
JM-15250,Alejandro Ballentine,Home Office,Morocco
LW-16990,Rachel Payne,Corporate,Australia
NZ-18565,Berenike Kampe,Consumer,Bangladesh
SV-10815,Janet Martin,Consumer,China
SC-20695,Guy Phonely,Corporate,India
NC-18625,Lindsay Williams,Corporate,United States
NF-18385,Nick Zandusky,Home Office,France
PM-18940,Stuart Van,Corporate,Canada
MZ-17335,Steve Chapman,Corporate,Philippines
HM-4980,Noah Childs,Corporate,Australia
RW-19540,Natalie Fritzler,Consumer,Austria
LH-17155,Nick Zandusky,Home Office,Australia
KM-16660,Paul MacIntyre,Consumer,France
AB-10060,Maria Zettner,Home Office,France
DB-13060,Henry MacAllister,Consumer,Democratic Republic of the Congo
VM-21685,Rick Wilson,Corporate,Australia
DM-13525,Logan Haushalter,Consumer,France
NM-18520,Fred Hopkins,Corporate,Mexico
RO-19780,Khloe Miller,Consumer,Germany
SB-20185,Patrick O'Donnell,Consumer,France
EM-14065,Adam Bellavance,Home Office,United States
RS-19765,Adam Bellavance,Home Office,Colombia
ON-18715,Dave Brooks,Consumer,Australia
VS-21820,Valerie Mitchum,Home Office,Netherlands
CM-12115,Bill Shonely,Corporate,United States
TB-21400,Don Miller,Corporate,Germany
AB-10105,Neoma Murray,Consumer,Spain
DW-13540,Lena Creighton,Consumer,Australia
PS-19045,Rose O'Brian,Consumer,China
CC-12370,Sarah Brown,Consumer,United States
TC-21295,Erin Mull,Consumer,Germany
GM-14440,Roland Schwarz,Corporate,United States
SV-20815,Odella Nelson,Corporate,France
MM-17920,Vivek Sundaresam,Consumer,China
JK-16120,Chad McGuire,Consumer,Australia
DJ-13510,Tom Boeckenhauer,Consumer,United States
AT-10435,Adrian Barton,Consumer,United States
AB-10015,Jason Klamczynski,Corporate,Australia
RP-19390,Rachel Payne,Corporate,France
MJ-17740,Don Weiss,Consumer,Malaysia
PV-18985,Penelope Sewall,Home Office,United States
SB-20290,Christopher Conant,Consumer,United States
SM-10005,Toby Carlisle,Consumer,United States
KH-16330,Gary McGarr,Consumer,Ecuador
MP-18175,Stuart Van,Corporate,India
LH-17020,Michael Moore,Consumer,China
ND-18370,Julie Kriz,Home Office,Indonesia
CR-12625,Evan Minnotte,Home Office,Thailand
GM-14680,Don Jones,Corporate,United States
RA-19945,Paul MacIntyre,Consumer,Indonesia
BW-11110,Alyssa Tate,Home Office,Mexico
RF-19735,Aaron Bergman,Consumer,China
AG-10675,Resi Pölking,Consumer,United States
DM-12955,Max Jones,Consumer,United States
KD-16270,Paul Van Hugh,Home Office,Brazil
BE-11335,Sean Braxton,Corporate,Italy
SO-20335,Sally Matthias,Consumer,Somalia
DK-12835,Karen Ferguson,Home Office,United States
LC-7050,Katharine Harms,Corporate,Indonesia
CG-12520,Mike Pelletier,Home Office,Australia
TB-21280,Lisa Hazard,Consumer,China
HG-15025,Natalie DeCherney,Consumer,United States
AD-10180,Corey Roper,Home Office,Australia
BP-11155,Noah Childs,Corporate,Bangladesh
AA-10480,Greg Matthias,Consumer,Netherlands
RL-19615,Ryan Akin,Consumer,France
CS-12505,Dave Brooks,Consumer,Germany
SW-20245,Bart Watters,Corporate,United States
TA-21385,Roland Fjeld,Consumer,Australia
YC-21895,John Huston,Consumer,Germany
JM-15580,Anna Gayman,Consumer,United States
MZ-7335,Dario Medina,Corporate,Guatemala
JF-15295,Karen Daniels,Consumer,United States
JL-15835,Bill Eplett,Home Office,Mexico
DJ-3510,Sean O'Donnell,Consumer,China
MF-18250,Damala Kotsonis,Corporate,Spain
JE-15610,Liz Carlisle,Consumer,Saudi Arabia
CP-12340,Phillip Breyer,Corporate,Taiwan
EH-14125,Claire Gute,Consumer,Australia
NC-18340,Toby Braunhardt,Consumer,United States
JS-16030,Hunter Glantz,Consumer,Indonesia
AM-10360,Alan Dominguez,Home Office,Indonesia
JF-15190,Becky Pak,Consumer,United Kingdom
JG-15160,Andrew Allen,Consumer,Thailand
DP-13390,Rob Lucas,Consumer,Australia
AG-10330,Cindy Stewart,Consumer,United States
GK-14620,Scot Wooten,Consumer,Indonesia
NF-18475,Tom Ashbrook,Home Office,United States
DR-12940,Bart Watters,Corporate,China
NB-18655,Yoseph Carroll,Corporate,United Kingdom
NM-18445,Jill Matthias,Consumer,Mexico
NP-18670,Maria Zettner,Home Office,Belarus
SC-20380,Jason Fortune-,Consumer,Spain
PA-9060,John Lee,Consumer,United States
RB-19570,Don Jones,Corporate,Ukraine
SR-20740,Monica Federle,Corporate,France
RH-19510,Toby Carlisle,Consumer,France
LH-16750,Jim Epp,Corporate,United States
KB-16585,Christine Phan,Corporate,India
EM-13810,Eugene Hildebrand,Home Office,France
MZ-7515,Nat Carroll,Consumer,Australia
DM-13345,Barry Franz,Home Office,India
CA-11965,Joy Smith,Consumer,Indonesia
SC-20305,Alice McCarthy,Corporate,United Kingdom
MH-18115,Jamie Frazer,Consumer,Cambodia
KS-16300,Aaron Bergman,Consumer,Australia
BG-11740,James Galang,Consumer,United Kingdom
CR-2625,Dennis Pardue,Home Office,United States
CB-12415,Alex Grayson,Consumer,Indonesia
AP-10720,Grace Kelly,Corporate,United States
CR-12820,Neil Französisch,Home Office,Germany
BF-11080,Yoseph Carroll,Corporate,United States
JM-15265,Daniel Raglin,Home Office,Australia
TW-21025,Nona Balk,Corporate,Germany
RB-19330,Nathan Mautz,Home Office,China
JA-15970,Tom Ashbrook,Home Office,Australia
AB-60,Nora Paige,Consumer,United States
JR-5670,Shahid Collister,Consumer,Philippines
MD-17350,Pete Armstrong,Home Office,South Africa
PK-19075,Rob Beeghly,Consumer,Spain
TP-21130,Steven Roelle,Home Office,United States
JK-15640,Rick Huthwaite,Home Office,United States
CD-11920,Larry Hughes,Consumer,Dominican Republic
JL-5835,James Galang,Consumer,United States
EP-13915,Ken Black,Corporate,China
MS-17770,Logan Haushalter,Consumer,France
CM-12655,Eleni McCrary,Corporate,United States
JC-6105,Mary Zewe,Corporate,Iran
GB-14530,Denise Monton,Corporate,India
JH-16180,Carol Adams,Corporate,Japan
MT-8070,Sean Christensen,Consumer,Spain
CV-2805,Mick Hernandez,Home Office,India
NH-18610,Karen Seio,Corporate,Australia
HJ-14875,Bruce Geld,Consumer,Malaysia
JL-15175,Corey Roper,Home Office,Russia
MY-18295,Christy Brittain,Consumer,United States
MW-18235,Dave Kipp,Consumer,China
KC-16540,John Lee,Consumer,China
HA-14920,Anne Pryor,Home Office,India
MT-17815,Cyra Reiten,Home Office,India
FW-14395,Bart Folk,Consumer,Australia
BH-11710,Janet Molinari,Corporate,Philippines
DK-12895,Nathan Mautz,Home Office,China
SC-20845,Tamara Willingham,Home Office,France
CY-12745,Randy Bradley,Consumer,France
HL-15040,Penelope Sewall,Home Office,United States
CT-11995,Joseph Airdo,Consumer,United States
GR-4560,Adam Bellavance,Home Office,South Africa
TT-21070,Jim Radford,Consumer,Egypt
PO-19195,Maribeth Dona,Consumer,Colombia
ED-13885,Pete Kriz,Consumer,United States
TM-21490,Ellis Ballard,Corporate,United Kingdom
AW-10840,Theone Pippenger,Consumer,United States
AT-10735,Jim Kriz,Home Office,United States
SG-10605,Carlos Daly,Consumer,United States
BM-11785,John Lee,Consumer,Azerbaijan
DK-13375,Emily Phan,Consumer,Indonesia
PF-19225,Maxwell Schwartz,Consumer,United Kingdom
TG-21310,Corinna Mitchell,Home Office,France
SF-10200,Julie Creighton,Corporate,Lithuania
JW-5220,George Bell,Corporate,Australia
CC-12100,Tamara Willingham,Home Office,United States
RD-19930,Justin Hirsh,Consumer,Argentina
BP-1230,Michelle Tran,Home Office,Egypt
CS-12175,Adrian Barton,Consumer,India
JD-16060,Laura Armstrong,Corporate,United States
GH-14665,Cynthia Voltz,Corporate,Lesotho
CM-11935,Nicole Hansen,Corporate,New Zealand
RB-9465,Heather Jas,Home Office,China
RB-19795,James Lanier,Home Office,Brazil
DL-13495,Muhammed Yedwab,Corporate,Nicaragua
TS-21205,Sean Braxton,Corporate,United States
MV-8190,Jim Kriz,Home Office,United States
BD-11560,Mitch Willingham,Corporate,United States
PS-18760,Kelly Collister,Consumer,Nicaragua
FM-14215,Chuck Sachs,Consumer,Nicaragua
CA-12775,Helen Andreada,Consumer,China
CD-12790,Meg Tillman,Consumer,France
NL-18310,Fred Wasserman,Corporate,France
TB-21055,Brosina Hoffman,Consumer,Germany
EH-4125,Dana Kaydos,Consumer,Indonesia
KB-16600,Karen Daniels,Consumer,Brazil
KW-16435,Sung Chung,Consumer,Austria
MG-17695,Craig Yedwab,Corporate,Mexico
HM-14860,Hunter Lopez,Consumer,Australia
BP-11290,Carol Triggs,Consumer,Japan
HZ-4950,Christopher Conant,Consumer,United Kingdom
TC-20980,Georgia Rosenberg,Corporate,Lesotho
EM-13825,Ted Trevino,Consumer,India
BS-11800,Phillina Ober,Home Office,Spain
DV-13465,Emily Ducich,Home Office,Vietnam
MB-17305,Arthur Prichep,Consumer,Indonesia
PC-19000,Tony Molinari,Consumer,Cuba
CA-12310,Anthony Witt,Consumer,Netherlands
KC-16255,Dave Poirier,Corporate,Australia
DB-3660,Annie Thurman,Consumer,United States
SC-20260,Speros Goranitis,Consumer,Romania
BD-11500,Bryan Mills,Consumer,Mexico
BM-11140,Fred Hopkins,Corporate,Mexico
KB-16315,Dennis Kane,Consumer,Mexico
JM-15865,Phillip Flathmann,Consumer,United States
AF-10885,Toby Gnade,Consumer,United States
SJ-20500,Yoseph Carroll,Corporate,United States
WB-21850,Sarah Foster,Consumer,Turkey
CC-12610,Hunter Lopez,Consumer,United States
BE-11455,Jane Waco,Corporate,Senegal
TG-21640,Chad Cunningham,Home Office,Mexico
MS-17365,Russell D'Ascenzo,Consumer,New Zealand
NP-18685,Benjamin Patterson,Consumer,Cameroon
RM-19675,Sue Ann Reed,Consumer,United Kingdom
SN-20560,Eleni McCrary,Corporate,India
CD-12280,Charles Sheldon,Corporate,Thailand
BG-11035,Julia Dunbar,Consumer,Spain
CC-12550,Greg Hansen,Consumer,China
SV-20785,Carlos Meador,Consumer,China
HW-14935,Joy Bell-,Consumer,Nicaragua
AS-10285,Rick Bensley,Home Office,Russia
LD-16855,Ross Baird,Home Office,Brazil
NS-18505,Phillina Ober,Home Office,Australia
CM-12715,Dionis Lloyd,Corporate,United States
JD-6060,Thomas Seio,Corporate,Australia
MG-17680,Toby Carlisle,Consumer,United States
DB-13210,Mike Vittorini,Consumer,South Africa
CS-11860,Natalie Fritzler,Consumer,United States
GG-14650,Brendan Dodson,Home Office,United Kingdom
BN-11470,Pamela Stobb,Consumer,Indonesia
BS-1665,Filia McAdams,Corporate,Guatemala
AC-10450,Cynthia Arntzen,Consumer,India
CK-12205,Cynthia Delaney,Home Office,Germany
JD-16150,Nancy Lomonaco,Home Office,New Zealand
CC-2550,Ted Butterfield,Consumer,France
MS-17830,Neil Französisch,Home Office,Germany
SM-20950,Keith Dawkins,Corporate,China
CL-12700,Eugene Hildebrand,Home Office,Hungary
CM-12160,Ken Brennan,Corporate,India
JC-15775,Chuck Sachs,Consumer,Nicaragua
LH-16900,Katrina Willman,Consumer,United States
DV-13045,Maureen Gnade,Consumer,Italy
BT-11530,Vicky Freymann,Home Office,Philippines
BM-1650,Anne McFarland,Consumer,Indonesia
MG-18205,Harry Marie,Corporate,United States
RB-19705,Beth Paige,Consumer,Singapore
FC-14245,Henia Zydlo,Consumer,Angola
TT-21220,Tamara Chand,Corporate,United States
SJ-20215,Elizabeth Moffitt,Corporate,Japan
PB-18805,Rick Hansen,Consumer,United States
RW-19690,Bryan Spruell,Home Office,Indonesia
DB-3360,Dianna Vittorini,Consumer,El Salvador
DK-13150,Maria Bertelson,Consumer,Australia
RW-9540,Pauline Chand,Home Office,Spain
MP-17470,Christine Abelman,Corporate,France
TB-21625,Karen Carlisle,Corporate,United States
MO-17800,Mick Brown,Consumer,France
MR-17545,Ross Baird,Home Office,United States
LC-17050,Duane Benoit,Consumer,Romania
RA-19885,Scott Cohen,Corporate,United States
MG-8145,Bruce Geld,Consumer,Brazil
JE-16165,Bradley Drucker,Consumer,United States
JK-16090,Becky Martin,Consumer,United States
EM-13960,Karl Braun,Consumer,Malaysia
DJ-13420,Pete Kriz,Consumer,Australia
BO-11425,Charles Sheldon,Corporate,Australia
LW-17215,John Murray,Consumer,United States
PJ-19015,Art Foster,Consumer,France
KM-16720,Shirley Jackson,Consumer,France
BG-11695,Dario Medina,Corporate,France
CS-12130,William Brown,Consumer,United States
MC-17425,Corey Catlett,Corporate,Germany
BD-1635,Barry Weirich,Consumer,Democratic Republic of the Congo
RF-19345,Brad Eason,Home Office,Australia
MG-7680,Trudy Glocke,Consumer,Belgium
KH-16690,Maribeth Schnelling,Consumer,United States
CC-12475,Nora Pelletier,Home Office,United States
LT-16765,Valerie Mitchum,Home Office,France
BF-10975,Robert Marley,Home Office,United States
CJ-12010,Steve Chapman,Corporate,El Salvador
SH-9975,Skye Norling,Home Office,Pakistan
SL-20155,Christina DeMoss,Consumer,Australia
NC-8340,Chad Cunningham,Home Office,France
JB-5400,Barry Gonzalez,Consumer,Finland
TB-21250,Clay Cheatham,Consumer,Australia
PS-18970,Adrian Barton,Consumer,Australia
BB-11545,Stewart Visinsky,Consumer,Indonesia
SG-10470,Helen Wasserman,Corporate,France
SP-20920,Alejandro Savely,Corporate,India
Dp-13240,Lela Donovan,Corporate,France
GZ-14470,Neola Schneider,Consumer,Colombia
AH-10075,Craig Molinari,Corporate,Mexico
CB-2025,Vivek Grady,Corporate,China
SC-20050,Julia Dunbar,Consumer,Ghana
SC-10230,Maureen Gastineau,Home Office,Vietnam
JS-15595,Christina DeMoss,Consumer,India
BS-11380,Dean Braden,Consumer,United Kingdom
JL-5130,Cari Schnelling,Consumer,Austria
AS-10090,Art Foster,Consumer,India
EL-13735,Greg Guthrie,Corporate,France
FH-14275,Brad Norvell,Corporate,Thailand
OT-18730,Erin Mull,Consumer,Germany
SM-10320,Brian Stugart,Consumer,Iran
PM-19135,Amy Cox,Consumer,India
TS-11430,Chloris Kastensmidt,Consumer,Italy
LS-17245,Justin Deggeller,Corporate,United Kingdom
SF-20200,Clay Cheatham,Consumer,Ukraine
CM-11815,Melanie Seite,Consumer,United Kingdom
FG-14260,Suzanne McNair,Corporate,United States
KN-6705,Greg Tran,Consumer,Spain
TB-11520,Craig Leslie,Home Office,India
JB-15400,Michael Moore,Consumer,France
KH-16510,Charles McCrossin,Consumer,Nicaragua
DL-13330,Dave Brooks,Consumer,China
KN-16390,Jane Waco,Corporate,Mozambique
SV-20935,Brad Norvell,Corporate,Mexico
MD-17860,John Castell,Consumer,Australia
LS-17200,Hunter Lopez,Consumer,Nicaragua
CM-12445,Lena Hernandez,Consumer,Brazil
SS-20140,Darrin Van Huff,Corporate,Indonesia
GH-14425,Bradley Talbott,Home Office,India
SM-20320,Brian Moss,Corporate,Iran
GR-14560,Mitch Gastineau,Corporate,India
TS-21370,Roger Barcio,Home Office,United States
DH-3675,Frank Carlisle,Home Office,Colombia
MM-8280,Thomas Thornton,Consumer,Guatemala
PM-9135,Craig Yedwab,Corporate,India
GP-4740,Sarah Jordon,Consumer,Mexico
AF-10870,Patrick Bzostek,Home Office,Nicaragua
TS-21505,Benjamin Patterson,Consumer,Cameroon
BM-11575,Robert Waldorf,Consumer,China
AH-10030,Rick Wilson,Corporate,United States
AG-10495,Dennis Bolton,Home Office,Zambia
AG-675,David Kendrick,Corporate,Germany
SW-20755,Rick Wilson,Corporate,South Africa
SK-19990,Penelope Sewall,Home Office,China
AG-10900,Mark Packer,Home Office,United States
AJ-960,Trudy Brown,Consumer,United States
MC-7275,Meg O'Connel,Home Office,Japan
ER-13855,Neil Französisch,Home Office,China
EJ-13720,Mathew Reese,Home Office,India
DH-13675,Christy Brittain,Consumer,Germany
HE-14800,Liz Carlisle,Consumer,New Zealand
KT-16480,Ruben Ausman,Corporate,China
SB-20170,Mike Gockenbach,Consumer,Democratic Republic of the Congo
EM-14140,Justin Ellison,Corporate,United States
VT-21700,Juliana Krohn,Consumer,United States
JS-15880,Eric Murdock,Consumer,India
BC-11125,Denny Joy,Corporate,Mexico
NF-18595,Carlos Daly,Consumer,France
RH-9600,Bobby Odegard,Consumer,Mexico
CS-11950,Luke Weiss,Consumer,United States
CM-12235,Pauline Johnson,Consumer,United States
LW-16825,Kunst Miller,Consumer,Philippines
RD-19585,Stewart Visinsky,Consumer,France
BT-11680,Brooke Gillingham,Corporate,Mexico
MD-7860,Chad Sievert,Consumer,Australia
CC-12145,Mark Cousins,Corporate,United States
XP-21865,Brian Derr,Consumer,Iraq
ML-17410,Randy Ferguson,Corporate,Spain
BS-11665,Justin Ellison,Corporate,Indonesia
SC-20230,Maureen Gastineau,Home Office,Iran
QJ-19255,Kristen Hastings,Corporate,United States
RE-19450,Cindy Chapman,Consumer,India
CP-2085,Larry Tron,Consumer,Italy
JK-5730,Fred Hopkins,Corporate,Spain
HZ-14950,Barbara Fisher,Corporate,France
AR-10570,Caroline Jumper,Consumer,China
EH-14005,Sally Hughsby,Corporate,Hungary
JR-15700,Sara Luxemburg,Home Office,Mexico
PL-18925,Nat Carroll,Consumer,Liberia
TC-21145,Jennifer Braxton,Corporate,South Africa
DG-13300,Vivek Grady,Corporate,China
Dl-13600,Tim Brockman,Consumer,Cuba
NC-18415,Paul Stevenson,Home Office,Colombia
EB-13930,Brenda Bowman,Corporate,Germany
CP-12085,Sheri Gordon,Consumer,Georgia
SM-20005,Susan Pistek,Consumer,Thailand
JR-15670,Nick Zandusky,Home Office,India
DL-12925,Dean percer,Home Office,China
FM-14290,Gary Zandusky,Consumer,Italy
DP-13165,Adam Hart,Corporate,Mexico
CK-12595,Cassandra Brandow,Consumer,Poland
CM-11830,Sample Company A,Home Office,Australia
PP-18955,Anne McFarland,Consumer,Switzerland
MM-17260,Scot Coram,Corporate,Albania
ME-17320,Jill Stevenson,Corporate,Indonesia
CS-12490,Bill Stewart,Corporate,Indonesia
GH-14410,Toby Carlisle,Consumer,Thailand
MC-17635,Jack Lebron,Consumer,Russia
LM-7065,Dean percer,Home Office,Japan
AR-10510,Natalie Fritzler,Consumer,Bangladesh
JH-15910,Adam Shillingsburg,Consumer,United Kingdom
DK-3375,Ed Ludwig,Home Office,Australia
EG-13900,Frank Hawley,Corporate,Indonesia
AS-10630,Larry Tron,Consumer,India
CL-11890,Brad Norvell,Corporate,China
CA-12265,Benjamin Patterson,Consumer,Spain
PF-19165,Don Miller,Corporate,India
DB-12970,Olvera Toch,Consumer,United States
CL-12565,Sean Miller,Home Office,Chad
MF-17665,Peter McVee,Home Office,Australia
IM-15055,Tom Stivers,Corporate,Montenegro
EB-13975,Toby Swindell,Consumer,Brazil
AA-10315,Anne McFarland,Consumer,Australia
MV-17485,Lynn Smith,Consumer,Mexico
JW-15955,Daniel Raglin,Home Office,Australia
TS-21610,Dianna Wilson,Home Office,Canada
MC-17575,Sarah Foster,Consumer,United States
JF-5415,Candace McMahon,Corporate,Pakistan
AH-10210,Frank Gastineau,Home Office,France
KD-16345,Kristina Nunn,Home Office,Iran
PG-18895,Tracy Blumstein,Consumer,Namibia
HK-14890,Gary McGarr,Consumer,Netherlands
RR-19315,Corinna Mitchell,Home Office,United States
HH-5010,Jennifer Braxton,Corporate,Guatemala
SH-20635,Joy Smith,Consumer,Pakistan
AR-10825,Anne McFarland,Consumer,Philippines
RP-9855,Sarah Foster,Consumer,El Salvador
LR-17035,Anne McFarland,Consumer,United States
IM-5055,Jason Fortune-,Consumer,Cuba
CK-12325,Keith Herrera,Consumer,Philippines
AS-285,Denise Leinenbach,Consumer,India
DK-12985,Katherine Nockton,Corporate,Australia
EH-4185,Susan Vittorini,Consumer,China
ML-17395,Michael Dominguez,Corporate,Australia
BF-11215,Luke Schmidt,Corporate,France
MB-7305,John Murray,Consumer,Mexico
CR-12580,Amy Cox,Consumer,United States
TB-21520,Chuck Magee,Consumer,Australia
KN-16450,Saphhira Shifley,Corporate,Portugal
HR-14770,Bart Watters,Corporate,India
CK-12760,Jim Epp,Corporate,India
RO-9780,Gary Hwang,Consumer,China
EN-13780,Juliana Krohn,Consumer,India
AH-10465,Sean Miller,Home Office,Dominican Republic
AH-10585,Caroline Jumper,Consumer,United States
RB-9435,Georgia Rosenberg,Corporate,Mexico
AG-525,Todd Sumrall,Corporate,United States
AR-10345,Duane Huffman,Home Office,Madagascar
MW-8220,Muhammed MacIntyre,Corporate,Russia
AH-210,Scott Williamson,Consumer,India
TH-21235,Peter McVee,Home Office,Iran
LT-7110,Gary Hwang,Consumer,Australia
HD-14785,John Murray,Consumer,Pakistan
MC-7575,Chad McGuire,Consumer,Italy
MH-18025,Sung Chung,Consumer,China
CC-2475,Guy Phonely,Corporate,Morocco
CM-12190,Art Ferguson,Consumer,Belgium
RA-19915,Tony Sayre,Consumer,France
MT-18070,Craig Reiter,Consumer,Colombia
JF-15415,Fred Hopkins,Corporate,Mexico
ES-14020,Brendan Murry,Corporate,Australia
CC-12685,Aaron Hawkins,Corporate,Austria
IM-15070,Andrew Gjertsen,Corporate,China
DA-13450,Brad Norvell,Corporate,United Kingdom
SS-10410,Mitch Willingham,Corporate,United States
BM-11650,Anna Gayman,Consumer,Austria
SW-20350,Steven Ward,Corporate,France
CM-1830,Chuck Sachs,Consumer,Nicaragua
MY-17380,Sally Knutson,Consumer,France
MS-7830,Mike Pelletier,Home Office,Vietnam
HG-14965,Arthur Gainer,Consumer,Mexico
DC-13285,Astrea Jones,Consumer,Morocco
DL-13315,Marc Crier,Consumer,Ukraine
JK-15370,Jason Fortune-,Consumer,Spain
CH-2070,Elpida Rittenbach,Corporate,United States
MH-7440,Magdelene Morse,Consumer,Saudi Arabia
MC-17845,Ed Jacobs,Consumer,Singapore
PW-19030,Maribeth Schnelling,Consumer,El Salvador
BS-11590,Anthony Jacobs,Corporate,United States
DO-13435,Duane Huffman,Home Office,United Kingdom
SG-20890,Nathan Mautz,Home Office,United States
SU-20665,Harold Engle,Corporate,Brazil
JC-16105,Kean Thornton,Consumer,United States
TB-21190,Sarah Bern,Consumer,China
SV-10785,Eugene Moren,Home Office,United States
VP-21760,Valerie Takahito,Home Office,New Zealand
LR-16915,John Stevenson,Consumer,United States
TH-21550,Becky Castell,Home Office,New Zealand
TC-11145,Nicole Fjeld,Home Office,China
JL-15235,Frank Carlisle,Home Office,United States
RK-19300,Rob Haberlin,Consumer,Canada
CC-12670,Randy Bradley,Consumer,Spain
DB-13555,Carlos Soltero,Consumer,Sweden
SG-20605,Bart Watters,Corporate,Spain
MG-17890,Chris McAfee,Consumer,United States
MA-17560,Laurel Workman,Corporate,India
CB-12025,Rob Dowd,Consumer,Spain
DH-13075,John Stevenson,Consumer,United States
BT-11395,Brian Thompson,Consumer,Japan
TT-11265,Sheri Gordon,Consumer,United States
TH-11235,Amy Cox,Consumer,United States
VG-21790,Thomas Boland,Corporate,Italy
NW-18400,Michael Dominguez,Corporate,Ukraine
VP-21730,Justin Hirsh,Consumer,Indonesia
SS-20410,Charles Crestani,Consumer,Germany
JE-15715,Xylona Preis,Consumer,El Salvador
AG-270,Todd Sumrall,Corporate,India
BW-11200,Maris LaWare,Consumer,Cuba
EK-13795,Muhammed Yedwab,Corporate,Nicaragua
SG-20080,Ted Trevino,Consumer,United States
SC-10725,Brian Stugart,Consumer,France
AG-10525,Nancy Lomonaco,Home Office,New Zealand
MG-18145,Scot Coram,Corporate,United States
BD-11605,Carol Adams,Corporate,Germany
PB-19105,Quincy Jones,Corporate,China
SC-20575,Richard Eichhorn,Consumer,Dominican Republic
DO-3435,Cathy Prescott,Corporate,South Africa
CC-12220,Joe Kamberova,Consumer,Russia
TS-21430,Henia Zydlo,Consumer,France
AZ-10750,Anemone Ratner,Consumer,Australia
IG-15085,Erica Hernandez,Home Office,Spain
SP-20860,Jocasta Rupert,Consumer,India
KM-16225,Paul Lucas,Home Office,Myanmar (Burma)
KM-6720,Theresa Coyne,Corporate,Mexico
MM-18055,Deirdre Greer,Corporate,Mexico
RB-19360,Lindsay Williams,Corporate,France
NC-8415,Dorris liebe,Corporate,France
SN-20710,Sanjit Chand,Consumer,France
DL-3330,Nathan Cano,Consumer,United States
JG-15115,Eric Barreto,Consumer,Indonesia
CJ-11875,Guy Phonely,Corporate,Morocco
AY-10555,Sarah Bern,Consumer,China
BV-11245,Cathy Prescott,Corporate,United States
PO-9195,Sally Matthias,Consumer,Brazil
GZ-4545,Jim Radford,Consumer,Germany
PN-18775,Charles McCrossin,Consumer,China
SC-20800,Daniel Lacy,Consumer,Australia
AC-10615,Frank Merwin,Home Office,Jamaica
VB-21745,David Philippe,Consumer,India
TT-11460,Clytie Kelty,Consumer,New Zealand
AC-10420,Rick Huthwaite,Home Office,United States
CG-12040,Gary McGarr,Consumer,China
TR-11325,Cari MacIntyre,Corporate,France
SC-20440,Paul Prost,Home Office,United States
BT-11305,Robert Waldorf,Consumer,United States
JB-15925,Magdelene Morse,Consumer,China
GW-14605,Maria Etezadi,Home Office,United Kingdom
SC-20725,Cindy Schnelling,Corporate,Mexico
EH-13765,Gary Hansen,Home Office,Spain
YS-21880,Maria Etezadi,Home Office,United States
FO-14305,Matthew Clasen,Corporate,Dominican Republic
RP-19855,Valerie Takahito,Home Office,Brazil
AB-10600,Trudy Brown,Consumer,United States
KB-16240,Sarah Jordon,Consumer,China
KA-16525,Carlos Daly,Consumer,China
EM-3960,Tom Ashbrook,Home Office,Philippines
JD-15790,Denny Joy,Corporate,Italy
JL-15850,Dave Poirier,Corporate,Australia
JW-16075,Liz MacKendrick,Consumer,Qatar
LL-6840,Andrew Roberts,Consumer,Italy
TH-21100,Jonathan Howell,Consumer,Japan
MC-17275,Pauline Chand,Home Office,Malaysia
NG-8430,Chris McAfee,Consumer,United Kingdom
KD-16615,Dennis Kane,Consumer,Democratic Republic of the Congo
MC-17605,Neoma Murray,Consumer,Spain
JK-15625,Emily Grady,Consumer,France
TS-11505,Adam Hart,Corporate,Australia
LD-6855,Dana Kaydos,Consumer,Indonesia
LP-17080,Ann Steele,Home Office,New Zealand
CV-12805,Carl Ludwig,Consumer,Brazil
MO-17500,Christina Anderson,Consumer,United Kingdom
MS-17530,Philip Fox,Consumer,United States
GA-14515,Darren Budd,Corporate,France
CS-12355,Pauline Chand,Home Office,Germany
GM-14500,Vivek Sundaresam,Consumer,Australia
CC-2670,Clay Ludtke,Consumer,United States
MN-17935,Daniel Raglin,Home Office,United States
JM-16195,Jim Radford,Consumer,China
DB-13615,Neil Französisch,Home Office,Germany
PK-18910,Maureen Fritzler,Corporate,China
LS-16945,Ionia McGrath,Consumer,United States
JK-15730,Eric Barreto,Consumer,United Kingdom
SW-10275,Erica Bern,Corporate,Brazil
MC-18100,Alex Avila,Consumer,United States
EH-13945,John Huston,Consumer,Germany
LC-16930,Mark Van Huff,Consumer,France
MA-17995,Joni Wasserman,Consumer,France
SP-20650,Laura Armstrong,Corporate,China
JH-15430,Filia McAdams,Corporate,Italy
ML-17755,Hunter Glantz,Consumer,United States
PC-18745,Helen Wasserman,Corporate,United States
KE-16420,Troy Staebel,Consumer,United States
EM-4200,Matt Collins,Consumer,Brazil
DW-13480,Matthew Clasen,Corporate,Mexico
SC-10680,Corey Roper,Home Office,Australia
JG-15805,Jennifer Ferguson,Consumer,Morocco
LL-16840,Alan Hwang,Consumer,Brazil
PV-8985,Larry Hughes,Consumer,Dominican Republic
PO-19180,Peter McVee,Home Office,United States
SH-19975,Phillina Ober,Home Office,China
GA-14725,Mitch Gastineau,Corporate,India
GT-4755,Bryan Mills,Consumer,China
PR-18880,Katherine Ducich,Consumer,India
AG-10765,Troy Staebel,Consumer,United Kingdom
SE-20110,Andrew Roberts,Consumer,China
JB-16045,Paul Gonzalez,Consumer,Mexico
JM-5580,Liz Carlisle,Consumer,Guatemala
JO-15280,Denny Joy,Corporate,France
LP-17095,Heather Kirkland,Corporate,France
EJ-14155,Caroline Jumper,Consumer,United States
VW-21775,Ralph Ritter,Consumer,Australia
GM-14455,Hilary Holden,Corporate,Tanzania
BF-1080,Stefanie Holloman,Corporate,Germany
SM-20905,Stewart Visinsky,Consumer,France
BO-1425,Anthony Rawles,Corporate,United States
AW-10930,Dianna Vittorini,Consumer,China
JP-15460,Roy Phan,Corporate,Morocco
AS-10240,Natalie Fritzler,Consumer,Mexico
TB-11625,Denise Monton,Corporate,United States
JP-5520,Lisa Ryan,Corporate,Germany
BD-11770,Daniel Raglin,Home Office,India
BD-11635,Art Ferguson,Consumer,Germany
CC-2370,Ionia McGrath,Consumer,Republic of the Congo
PO-8850,Vivek Grady,Corporate,China
TZ-21445,Christine Kargatis,Home Office,United States
RB-19435,Alejandro Savely,Corporate,Russia
JE-15475,Darren Koutras,Consumer,El Salvador
AI-10855,Emily Ducich,Home Office,United States
MH-17440,Rick Wilson,Corporate,Norway
JE-6165,Evan Henry,Consumer,Iraq
DS-13180,Marina Lichtenstein,Corporate,Indonesia
AC-10660,Benjamin Farhat,Home Office,Nicaragua
MH-17455,Maria Bertelson,Consumer,Democratic Republic of the Congo
CC-12430,Clay Rozendal,Home Office,United States
NG-18355,Tracy Blumstein,Consumer,United States
RC-19825,Kean Nguyen,Corporate,Australia
JD-16015,Hallie Redmond,Home Office,Philippines
JH-5910,Cyma Kinney,Corporate,France
SC-10695,Phillip Breyer,Corporate,Australia
RD-9930,Amy Cox,Consumer,United States
LC-6930,Dario Medina,Corporate,United States
DW-13195,Andrew Allen,Consumer,Cuba
RD-19900,Ellis Ballard,Corporate,France
MV-18190,Rose O'Brian,Consumer,Algeria
RD-19480,Kunst Miller,Consumer,United States
SV-20365,Mathew Reese,Home Office,Australia
LS-17230,Susan Pistek,Consumer,Italy
GD-14590,Edward Nazzal,Consumer,United States
EB-13750,Amy Hunt,Consumer,Nicaragua
KH-6360,Ellis Ballard,Corporate,United States
BF-11275,Angele Hood,Consumer,Australia
NG-18430,Cynthia Voltz,Corporate,Turkey
Co-12640,Jason Klamczynski,Corporate,France
SF-20965,Richard Bierner,Consumer,Lithuania
KB-16405,Andy Gerbode,Corporate,Iran
LC-16870,Alex Russell,Corporate,Mexico
JL-15505,Mitch Webber,Consumer,Saudi Arabia
BD-11725,Alan Hwang,Consumer,Egypt
TM-21010,Frank Carlisle,Home Office,Australia
AB-150,Maris LaWare,Consumer,China
BW-11065,Tiffany House,Corporate,Australia
FM-14380,Thomas Boland,Corporate,United States
PC-8745,Tamara Willingham,Home Office,China
BN-1470,Liz Thompson,Consumer,South Africa
AH-10120,Katherine Nockton,Corporate,United Kingdom
LF-17185,Harold Dahlen,Home Office,Germany
DJ-13630,Corey Catlett,Corporate,United States
SJ-20125,Brad Eason,Home Office,Australia
ML-18265,Matt Collins,Consumer,Saudi Arabia
SF-10965,Chuck Sachs,Consumer,India
PO-8865,Maria Etezadi,Home Office,Italy
MH-17290,Scott Williamson,Consumer,Italy
NR-18550,Michelle Huthwaite,Consumer,United States
MK-17905,Cyra Reiten,Home Office,Guatemala
DB-13660,Harry Marie,Corporate,Switzerland
PH-18790,Cindy Chapman,Consumer,Mozambique
AB-10165,Janet Martin,Consumer,France
CA-12055,Paul Stevenson,Home Office,South Korea
JF-5295,Charlotte Melton,Consumer,France
KT-16465,Quincy Jones,Corporate,Italy
RB-9705,Tony Sayre,Consumer,Indonesia
BD-1725,Justin Deggeller,Corporate,United States
EB-13705,Cari Schnelling,Consumer,Austria
MG-17875,Kunst Miller,Consumer,Malaysia
MG-17650,Russell Applegate,Consumer,United States
AG-10270,Sarah Brown,Consumer,Brazil
NP-8685,Michelle Tran,Home Office,France
AS-630,Jennifer Ferguson,Consumer,United Kingdom
SC-20680,Michelle Tran,Home Office,Nigeria
MC-17590,Erica Smith,Consumer,Spain
TP-11415,Katherine Murray,Home Office,United States
HH-15010,Ann Blume,Corporate,Estonia
BT-11485,Paul Stevenson,Home Office,Australia
EB-13870,Erica Bern,Corporate,United Kingdom
JP-15520,Art Ferguson,Consumer,Brazil
CM-2115,Mark Cousins,Corporate,Indonesia
EA-14035,Craig Carroll,Consumer,India
FH-14350,Eugene Hildebrand,Home Office,Turkey
BS-1800,Irene Maddox,Consumer,Indonesia
AA-10375,Brian Stugart,Consumer,Australia
BN-11515,Sean Miller,Home Office,Cote d'Ivoire
EG-3900,Dianna Arnett,Home Office,Honduras
RE-19405,Dave Brooks,Consumer,France
ND-18460,Shahid Shariari,Consumer,Canada
TT-21460,Brian Moss,Corporate,United States
ML-18040,Lena Creighton,Consumer,Mexico
JL-5505,Tamara Chand,Corporate,France
SP-20545,Sean Wendt,Home Office,Indonesia
SF-10065,Jane Waco,Corporate,India
AS-10045,Dianna Arnett,Home Office,Cuba
TT-11220,Cari MacIntyre,Corporate,South Africa
AH-10195,Cari Sayre,Corporate,China
KH-6630,Meg O'Connel,Home Office,Guatemala
AA-10645,Craig Reiter,Consumer,Brazil
JL-15130,Maribeth Yedwab,Corporate,Norway
KM-6375,Melanie Seite,Consumer,Saudi Arabia
LS-16975,Steven Ward,Corporate,Australia
KL-16645,Henry Goldwyn,Corporate,Pakistan
EH-14185,Maureen Gastineau,Home Office,United States
KW-6570,Debra Catini,Consumer,Guatemala
DB-3060,Delfina Latchford,Consumer,United Kingdom
FA-14230,Tiffany House,Corporate,Switzerland
JF-15565,Dave Brooks,Consumer,United States
LO-7170,Jay Kimmel,Consumer,Paraguay
KB-6315,Alejandro Savely,Corporate,United States
BS-11755,Cathy Hwang,Home Office,Iran
RB-19465,Shui Tom,Consumer,Australia
HF-14995,Susan Pistek,Consumer,Germany
MP-17965,Mark Haberlin,Corporate,Democratic Republic of the Congo
JJ-15445,Michael Chen,Consumer,India
LC-17140,Cari Sayre,Corporate,China
TT-11070,Pauline Webber,Corporate,United Kingdom
BF-11020,Brendan Sweed,Corporate,France
ES-14080,Pete Kriz,Consumer,United States
FC-14335,Denny Ordway,Consumer,India
TS-21160,Susan Gilcrest,Corporate,Guatemala
RE-9450,Stephanie Ulpright,Home Office,United States
JC-15340,Julie Creighton,Corporate,Australia
MH-17785,Vivek Grady,Corporate,India
RF-19840,Thomas Brumley,Home Office,India
PG-18820,Karen Daniels,Consumer,Indonesia
DO-13645,Becky Martin,Consumer,Indonesia
SC-10305,Stewart Visinsky,Consumer,Cote d'Ivoire
TN-21040,Aaron Hawkins,Corporate,Mexico
DR-12880,William Brown,Consumer,United States
EB-3975,Victoria Pisteka,Corporate,Spain
NS-8505,Emily Grady,Consumer,United Kingdom
SF-20065,Theresa Coyne,Corporate,Philippines
RA-19285,Lena Radford,Consumer,India
LT-17110,Grace Kelly,Corporate,United States
BF-11170,Michael Dominguez,Corporate,United States
AR-825,Tracy Hopkins,Home Office,Thailand
SD-20485,Harold Dahlen,Home Office,China
GW-4605,Theone Pippenger,Consumer,China
DB-13120,Theresa Coyne,Corporate,Russia
JC-5775,Janet Lee,Consumer,Dominican Republic
ND-8460,Denise Monton,Corporate,India
TC-11295,Ralph Kennedy,Consumer,Brazil
DM-2955,Craig Carreira,Consumer,Italy
PJ-9015,Tamara Chand,Corporate,India
JH-5820,Dorothy Badders,Corporate,United States
ME-18010,Christopher Martinez,Consumer,Australia
AH-10690,Barry Gonzalez,Consumer,Italy
RD-19660,Speros Goranitis,Consumer,United States
CD-1980,Carol Adams,Corporate,United States
CL-2565,Michael Granlund,Home Office,Pakistan
MO-7800,Matt Abelman,Home Office,United States
CR-2580,Magdelene Morse,Consumer,Malaysia
TC-10980,Trudy Glocke,Consumer,Malaysia
RD-9900,Christopher Conant,Consumer,Bangladesh
CS-12250,Sung Chung,Consumer,Mexico
CH-12070,Penelope Sewall,Home Office,Brazil
JF-15355,Cassandra Brandow,Consumer,Indonesia
AS-135,Dave Hallsten,Corporate,United States
SP-20620,Bill Tyler,Corporate,United Kingdom
EC-14050,Shirley Jackson,Consumer,Guatemala
IG-5085,Michael Chen,Consumer,France
TB-21355,Mitch Gastineau,Corporate,Brazil
MH-17620,Russell Applegate,Consumer,Australia
GT-14755,Tim Taslimi,Corporate,Poland
DF-13135,Tiffany House,Corporate,Iraq
AS-240,Darrin Martin,Consumer,Italy
PG-8820,Vivek Gonzalez,Consumer,Argentina
JS-6030,Joni Wasserman,Consumer,China
SS-20590,Zuschuss Carroll,Consumer,India
CS-2490,Natalie Fritzler,Consumer,United States
CM-2715,Natalie Webber,Consumer,Mexico
BM-1140,Helen Wasserman,Corporate,United States
RD-19720,Victor Preis,Home Office,Australia
LD-17005,Shahid Shariari,Consumer,France
EB-3705,Joe Elijah,Consumer,United States
RH-19555,Alejandro Grove,Consumer,Czech Republic
JP-6135,Nat Carroll,Consumer,United States
PB-9210,Brian Stugart,Consumer,Australia
LC-16960,Ben Wallace,Consumer,France
JC-15385,Filia McAdams,Corporate,France
IL-15100,Eileen Kiefer,Home Office,United States
SW-10245,Sandra Glassco,Consumer,United States
CP-2340,Peter Fuller,Consumer,China
NS-18640,Nancy Lomonaco,Home Office,China
TR-21325,Steven Cartwright,Consumer,Central African Republic
NF-8385,Christina Anderson,Consumer,New Zealand
TZ-21580,Brenda Bowman,Corporate,United States
TB-11055,Neoma Murray,Consumer,United States
AJ-10795,Andy Gerbode,Corporate,Mexico
GH-14485,Paul Lucas,Home Office,China
AG-10300,Aaron Bergman,Consumer,France
EH-3945,Tony Sayre,Consumer,China
JD-6150,Mike Gockenbach,Consumer,India
KH-16360,Christopher Martinez,Consumer,United States
JB-6045,Rob Dowd,Consumer,Belgium
AH-585,Tamara Willingham,Home Office,United States
MS-7530,Patrick Jones,Corporate,United States
HA-14905,Brian Dahlen,Consumer,Australia
JG-15310,Peter Bühler,Consumer,Australia
CD-1920,Aimee Bixby,Consumer,Spain
TC-21535,Grace Kelly,Corporate,New Zealand
PB-9105,Sonia Cooley,Consumer,Mexico
AR-10405,Cindy Chapman,Consumer,Japan
NK-18490,Denny Ordway,Consumer,Benin
MG-7695,Neola Schneider,Consumer,Mexico
AJ-10945,Chris Cortes,Consumer,United States
RS-19420,Tom Stivers,Corporate,France
SC-20770,Valerie Mitchum,Home Office,United States
LM-17065,Annie Zypern,Consumer,Nicaragua
DP-13000,Sara Luxemburg,Home Office,United States
RD-9660,Ivan Gibson,Consumer,France
LB-16735,Sung Pak,Corporate,France
MZ-17515,Gary Zandusky,Consumer,United States
ER-3855,Kalyca Meade,Corporate,Australia
MS-17710,Bill Shonely,Corporate,Brazil
LC-6960,Theresa Coyne,Corporate,Australia
GZ-14545,Kunst Miller,Consumer,Iran
JK-5625,Gary McGarr,Consumer,Australia
JJ-15760,Angele Hood,Consumer,Australia
CA-2265,Barbara Fisher,Corporate,China
CC-2220,Michelle Moray,Consumer,Germany
KL-6555,Natalie Fritzler,Consumer,United States
CS-2175,Raymond Buch,Consumer,Australia
KL-16555,Nathan Cano,Consumer,Ukraine
RD-9810,Georgia Rosenberg,Corporate,Norway
AJ-945,Todd Sumrall,Corporate,United States
CC-2685,Steve Nguyen,Home Office,Australia
LO-17170,Denise Leinenbach,Consumer,Iraq
DE-13255,Ben Peterman,Corporate,United States
RF-9345,Jack Garza,Consumer,United States
SC-20020,Carl Jackson,Corporate,Australia
DW-13585,Andy Yotov,Corporate,United Kingdom
EM-4065,Christine Phan,Corporate,Dominican Republic
TD-20995,Mark Packer,Home Office,Nicaragua
BD-11320,Pauline Johnson,Consumer,United Kingdom
CW-11905,Nathan Cano,Consumer,Nicaragua
CK-2325,Benjamin Venier,Corporate,Spain
BP-11095,Laurel Workman,Corporate,France
DV-3465,Bobby Odegard,Consumer,France
MY-7380,Denny Joy,Corporate,United States
PB-9150,Ellis Ballard,Corporate,Indonesia
AG-10390,Sheri Gordon,Consumer,Cuba
KW-16570,Phillina Ober,Home Office,Morocco
JF-5190,Cari Sayre,Corporate,Bolivia
GB-14575,Ken Black,Corporate,Germany
MR-7545,Eugene Moren,Home Office,India
MO-17950,Katherine Nockton,Corporate,Germany
TA-11385,Sara Luxemburg,Home Office,Japan
JM-5655,Kimberly Carter,Corporate,Germany
JS-5880,Chad McGuire,Consumer,Malaysia
HP-14815,George Zrebassa,Corporate,Russia
CS-12400,Darren Koutras,Consumer,Mexico
DE-3255,Adam Shillingsburg,Consumer,United States
JD-6015,Darren Koutras,Consumer,India
CR-2730,Parhena Norris,Home Office,China
RC-9960,Michael Stewart,Corporate,India
AO-10810,Eugene Hildebrand,Home Office,Malaysia
TB-11250,Arthur Gainer,Consumer,France
RA-9285,Aimee Bixby,Consumer,United Kingdom
MG-8205,Brendan Sweed,Corporate,Japan
MY-8295,Sean Braxton,Corporate,United States
SR-20425,Ben Peterman,Corporate,United Kingdom
BT-1530,Brosina Hoffman,Consumer,El Salvador
LS-7245,Alejandro Savely,Corporate,Iran
AB-10255,Liz MacKendrick,Consumer,Qatar
TH-21115,Stuart Calhoun,Consumer,India
LC-6885,Maria Etezadi,Home Office,United States
AC-660,Arthur Prichep,Consumer,China
EM-14095,Stuart Van,Corporate,Australia
BO-11350,Ann Chong,Corporate,United States
DM-3015,Mike Pelletier,Home Office,France
DD-13570,Victoria Brennan,Corporate,United States
KN-16705,Tonja Turnell,Home Office,Albania
HM-14980,Pamela Stobb,Consumer,Germany
FM-4215,Rick Reed,Corporate,China
JO-15145,Alyssa Crouse,Corporate,China
TC-11535,Theone Pippenger,Consumer,Mexico
JK-15205,Catherine Glotzbach,Home Office,New Zealand
DA-3450,Barry Gonzalez,Consumer,China
DB-12910,Clay Rozendal,Home Office,Vietnam
EH-4005,Toby Ritter,Consumer,Tanzania
DN-13690,Shaun Chance,Corporate,Mexico
AS-10135,Cynthia Arntzen,Consumer,India
MC-18130,Brian Thompson,Consumer,China
MM-18280,Beth Thompson,Home Office,United States
RL-9615,Christopher Conant,Consumer,Chile
MA-7560,Brooke Gillingham,Corporate,United States
HG-4845,Debra Catini,Consumer,Mexico
PB-8805,Joel Eaton,Consumer,Cuba
RW-19630,Dean Braden,Consumer,Dominican Republic
BT-11440,Luke Schmidt,Corporate,Martinique
JC-5385,Brad Norvell,Corporate,United Kingdom
HR-4770,Bill Eplett,Home Office,United Kingdom
DB-3615,Michelle Huthwaite,Consumer,Australia
JK-6120,Melanie Seite,Consumer,United Kingdom
SW-20455,Joni Blumstein,Consumer,Germany
GH-4425,Tamara Willingham,Home Office,United Kingdom
GB-4575,Giulietta Weimer,Consumer,China
PA-19060,Steven Cartwright,Consumer,Brazil
CA-2775,Lena Radford,Consumer,Finland
CV-12295,Edward Hooks,Corporate,United States
PO-9180,Phillip Breyer,Corporate,Taiwan
NC-18535,Yana Sorensen,Corporate,United States
GZ-4470,Frank Olsen,Consumer,France
AM-360,Stuart Van,Corporate,Syria
AA-480,Jennifer Ferguson,Consumer,China
TB-21595,Helen Andreada,Consumer,United States
KH-16630,Clytie Kelty,Consumer,New Zealand
TS-21655,Saphhira Shifley,Corporate,Brazil
CD-11980,Roy Phan,Corporate,Thailand
DB-13360,Adam Bellavance,Home Office,Indonesia
SK-9990,Corinna Mitchell,Home Office,United States
PT-19090,Liz Thompson,Consumer,South Africa
EH-13990,Randy Bradley,Consumer,Mexico
ME-17725,Luke Weiss,Consumer,Australia
ZD-21925,Andrew Roberts,Consumer,France
MW-8235,Arthur Gainer,Consumer,India
BP-11050,Ann Blume,Corporate,United States
RC-19960,Jill Stevenson,Corporate,United States
PN-8775,Logan Haushalter,Consumer,South Korea
CB-12535,Karen Bern,Corporate,India
LR-7035,Kelly Andreada,Consumer,El Salvador
JG-5160,Becky Martin,Consumer,Australia
SC-10845,James Lanier,Home Office,Indonesia
DK-13225,Eric Murdock,Consumer,Morocco
CG-2520,Alan Schoenberger,Corporate,Bangladesh
RS-19870,Jill Stevenson,Corporate,Indonesia
DK-2835,Scot Coram,Corporate,India
CM-2385,John Dryer,Consumer,Indonesia
JE-5745,John Lucas,Consumer,Germany
CA-1965,Julia West,Consumer,New Zealand
Dl-3600,Lauren Leatherbury,Consumer,Democratic Republic of the Congo
DL-2865,Thea Hendricks,Consumer,France
CM-2445,Marc Crier,Consumer,France
DB-13270,Nathan Gelder,Consumer,Russia
EB-4110,Maris LaWare,Consumer,China
BD-11620,Ken Dana,Corporate,France
MN-7935,Matt Connell,Corporate,Dominican Republic
DB-2910,Daniel Lacy,Consumer,United States
LH-7155,Jim Karlsson,Consumer,El Salvador
JS-5940,Bradley Drucker,Consumer,Indonesia
GH-4410,Zuschuss Carroll,Consumer,Germany
SC-10380,Cathy Prescott,Corporate,China
SL-10155,Laurel Beltran,Home Office,United States
EK-3795,Kean Nguyen,Corporate,Mexico
PH-8790,Tony Molinari,Consumer,Indonesia
HD-4785,Tony Sayre,Consumer,Algeria
CM-2190,Angele Hood,Consumer,Australia
AR-570,Lela Donovan,Corporate,South Africa
BT-1305,Liz Pelletier,Consumer,Australia
MH-7785,Kelly Andreada,Consumer,Germany
SC-10260,Corey Roper,Home Office,Australia
LW-7125,David Kendrick,Corporate,El Salvador
SM-10905,Keith Dawkins,Corporate,France
TT-21265,Brenda Bowman,Corporate,Australia
EJ-3720,Cynthia Voltz,Corporate,Japan
RS-9765,Brad Norvell,Corporate,Malaysia
EM-4095,Carlos Meador,Consumer,Cuba
AJ-10960,Sally Knutson,Consumer,Mexico
BD-1770,Bobby Elias,Consumer,United Kingdom
BE-1410,Kunst Miller,Consumer,Germany
KC-6255,Tracy Blumstein,Consumer,Argentina
DV-3045,Julie Creighton,Corporate,Belgium
JD-5895,Mary O'Rourke,Consumer,Germany
JM-5865,Joy Smith,Consumer,Indonesia
JK-5205,Paul MacIntyre,Consumer,France
CL-2700,MaryBeth Skach,Consumer,Australia
GG-4650,George Ashbrook,Consumer,Australia
LS-6945,Christine Sundaresam,Consumer,Australia
JL-5850,Scot Wooten,Consumer,Austria
VP-11760,Cathy Prescott,Corporate,Iran
NF-8595,Brian Moss,Corporate,United States
LE-16810,Philip Fox,Consumer,France
JJ-5445,Bill Stewart,Corporate,France
CS-2130,Julie Kriz,Home Office,United States
BM-1575,Gene McClure,Consumer,Nicaragua
AC-615,Dave Brooks,Consumer,United States
HG-5025,Roland Schwarz,Corporate,United States
TB-11400,Cindy Chapman,Consumer,Brazil
RB-9330,Vicky Freymann,Home Office,Spain
JP-5460,Cari Sayre,Corporate,China
JL-5175,Henry Goldwyn,Corporate,Japan
AA-315,Craig Carreira,Consumer,Lebanon
TS-11370,Katherine Murray,Home Office,Australia
SS-10140,Harold Ryan,Corporate,Australia
DP-3000,Emily Ducich,Home Office,China
JS-5685,Tracy Blumstein,Consumer,Spain
PW-19240,Mitch Webber,Consumer,China
NW-8400,Rob Haberlin,Consumer,Egypt
TS-11340,Sean Braxton,Corporate,Australia
JH-5985,Michael Nguyen,Consumer,China
NG-8355,Justin MacKendrick,Consumer,United States
FP-14320,Resi Pölking,Consumer,Philippines
SH-20395,Doug Bickford,Consumer,United States
JP-16135,Laurel Beltran,Home Office,India
JM-5250,Paul Knutson,Home Office,Mexico
MA-7995,Linda Southworth,Corporate,Indonesia
DR-2940,Clay Ludtke,Consumer,United States
BF-1020,Joe Kamberova,Consumer,Italy
CS-2400,Jamie Frazer,Consumer,Cambodia
JM-15535,Christine Sundaresam,Consumer,Australia
JS-15940,Scott Williamson,Consumer,Canada
AF-870,Bill Tyler,Corporate,Australia
NP-8670,Gary Hwang,Consumer,United States
SU-10665,Mick Crebagga,Consumer,France
RD-9585,Nick Zandusky,Home Office,United Kingdom
TP-21565,Natalie Fritzler,Consumer,Sweden
LA-6780,Shahid Shariari,Consumer,Netherlands
LH-7020,Eric Hoffmann,Consumer,Italy
JE-5475,Sally Knutson,Consumer,United States
ES-4080,Linda Cazamias,Corporate,United States
EM-4140,Cari Sayre,Corporate,Bangladesh
DS-13030,Nicole Hansen,Corporate,United States
ZD-11925,Justin MacKendrick,Consumer,Australia
JO-5550,Michael Granlund,Home Office,China
TB-11595,Paul Lucas,Home Office,France
GM-4500,Michelle Arnett,Home Office,Germany
DD-3570,Stephanie Phelps,Corporate,Indonesia
FH-4365,Robert Waldorf,Consumer,India
MK-18160,Adam Hart,Corporate,Indonesia
NM-8445,Jennifer Halladay,Consumer,Mexico
JF-5355,Patrick O'Brill,Consumer,France
BF-975,Karl Braun,Consumer,France
SS-20875,Karen Daniels,Consumer,Indonesia
PF-9165,Jason Fortune-,Consumer,Spain
SV-10365,Zuschuss Carroll,Consumer,Italy
BB-10990,Max Ludwig,Home Office,France
PW-9240,Cynthia Delaney,Home Office,France
JF-15490,Pamela Coakley,Corporate,Philippines
CW-1905,Giulietta Weimer,Consumer,China
LC-7140,Meg Tillman,Consumer,France
HK-4890,Katrina Edelman,Corporate,Brazil
BT-1440,Evan Minnotte,Home Office,Morocco
RD-19810,Dianna Wilson,Home Office,Australia
KL-6645,Steve Carroll,Home Office,Turkey
VG-11805,Michelle Huthwaite,Consumer,United States
PF-9225,John Grady,Corporate,China
AB-15,Lauren Leatherbury,Consumer,United States
LW-6990,Paul Van Hugh,Home Office,Cameroon
PS-8970,Philisse Overcash,Home Office,United States
LW-17125,Gary Hansen,Home Office,Spain
MC-7590,Roland Schwarz,Corporate,Austria
JO-15550,Sally Hughsby,Corporate,Australia
SJ-10125,Adam Hart,Corporate,United States
SS-20515,Sarah Bern,Consumer,Australia
RB-19645,Jennifer Ferguson,Consumer,Ghana
BP-1050,Darren Koutras,Consumer,Brazil
PG-8895,Guy Armstrong,Consumer,China
RM-19750,Xylona Preis,Consumer,Australia
KM-6225,Guy Thornton,Consumer,Democratic Republic of the Congo
AH-120,Helen Andreada,Consumer,Bolivia
BM-1785,Patrick Ryan,Consumer,Mexico
NR-8550,Jason Fortune-,Consumer,United Kingdom
EB-14170,Anthony Witt,Consumer,Germany
PB-19150,Anna Gayman,Consumer,Honduras
TP-11130,Carl Jackson,Corporate,China
KN-6450,Brian Dahlen,Consumer,United States
RD-9720,Anthony Garverick,Home Office,India
RS-9870,Sanjit Engle,Consumer,Germany
EB-3840,Elizabeth Moffitt,Corporate,Japan
TC-21475,Darrin Martin,Consumer,Australia
BH-1710,Rob Lucas,Consumer,United States
MH-7620,Victor Preis,Home Office,Chile
PT-9090,Julia Barnett,Home Office,Chile
DC-2850,Michael Dominguez,Corporate,Indonesia
AG-900,Jill Matthias,Consumer,Kenya
DC-12850,Sean Christensen,Consumer,Australia
JF-5565,Corey Catlett,Corporate,United States
SR-10740,Jas O'Carroll,Consumer,India
MK-7905,Liz Preis,Consumer,United States
JK-5370,Eugene Moren,Home Office,El Salvador
GM-4680,Philisse Overcash,Home Office,Bangladesh
PC-9000,Heather Kirkland,Corporate,United States
DL-3315,Mick Hernandez,Home Office,United States
JL-5235,Maureen Gnade,Consumer,China
BB-990,Anne Pryor,Home Office,New Zealand
RP-9390,Sanjit Engle,Consumer,Italy
ES-4020,Jason Klamczynski,Corporate,Mexico
MH-7455,Ralph Kennedy,Consumer,Mexico
JD-5790,Eva Jacobs,Consumer,Cuba
DB-3270,Irene Maddox,Consumer,United States
PK-9075,Victoria Wilson,Corporate,United States
NM-8520,Joy Bell-,Consumer,Italy
MO-7500,Art Ferguson,Consumer,China
SG-10890,Art Ferguson,Consumer,India
MF-8250,Gary Mitchum,Home Office,Afghanistan
JG-5310,Theone Pippenger,Consumer,Vietnam
YS-11880,Meg Tillman,Consumer,China
FC-4245,Bart Folk,Consumer,Canada
BW-1110,Susan MacKendrick,Consumer,Australia
BS-1590,Don Weiss,Consumer,Australia
CS-2460,Bobby Odegard,Consumer,Mali
MH-7290,Stephanie Phelps,Corporate,Indonesia
KE-6420,Quincy Jones,Corporate,United States
AJ-780,Carlos Meador,Consumer,Brazil
MM-7920,Arthur Wiediger,Home Office,United Kingdom
ML-8265,Damala Kotsonis,Corporate,Dominican Republic
RR-9315,Chris McAfee,Consumer,Australia
JF-5490,Art Foster,Consumer,Italy
AG-765,Mark Packer,Home Office,Germany
DS-3030,Olvera Toch,Consumer,Spain
AH-75,Odella Nelson,Corporate,Mexico
NB-18580,Jennifer Patt,Corporate,Indonesia
KD-6270,Alan Shonely,Consumer,Australia
MJ-7740,Trudy Brown,Consumer,Turkey
DM-3525,Jeremy Pistek,Consumer,Tanzania
GH-4665,Denny Blanton,Consumer,Mexico
RM-9675,Justin Deggeller,Corporate,Australia
TS-11610,Bryan Davis,Consumer,France
PR-8880,Erica Bern,Corporate,United Kingdom
HP-4815,Brian Derr,Consumer,Australia
EC-4050,Laurel Beltran,Home Office,United Kingdom
BF-1005,Georgia Rosenberg,Corporate,France
SC-10050,Christopher Conant,Consumer,Russia
DM-3345,Greg Maxwell,Corporate,China
CD-2280,Art Foster,Consumer,India
BP-1095,Patrick O'Brill,Consumer,South Africa
TC-11475,Carlos Daly,Consumer,France
DW-3540,Carlos Daly,Consumer,France
BE-1455,Helen Wasserman,Corporate,France
AH-195,Natalie DeCherney,Consumer,United Kingdom
DO-3645,Tom Zandusky,Corporate,China
CA-2055,Bill Tyler,Corporate,Italy
LP-7080,Richard Bierner,Consumer,Indonesia
BN-1515,Jeremy Ellison,Consumer,Japan
NK-8490,Justin Hirsh,Consumer,Indonesia
AR-510,Arianne Irving,Consumer,Australia
VM-11835,Mark Haberlin,Corporate,China
TH-11115,Dave Brooks,Consumer,China
AB-165,Dean Braden,Consumer,Spain
LB-6735,Neoma Murray,Consumer,Mexico
GA-4515,Cari Sayre,Corporate,India
DJ-3630,Brian Moss,Corporate,United States
LT-6765,Lena Creighton,Consumer,United States
SG-10080,Justin Ellison,Corporate,Libya
TB-11175,Dorris liebe,Corporate,Thailand
AP-915,Alan Hwang,Consumer,Guatemala
ON-8715,David Smith,Corporate,Nicaragua
SB-10290,Darrin Van Huff,Corporate,Mexico
AJ-795,David Kendrick,Corporate,Cuba
TP-11565,Anna Chung,Consumer,Vietnam
ML-8040,Mark Hamilton,Consumer,United States
LC-6870,Chuck Clark,Home Office,Mexico
AB-105,Nat Gilpin,Corporate,Cuba
AW-840,Katrina Edelman,Corporate,Cuba
JO-5280,Resi Pölking,Consumer,United States
ME-7320,Sarah Jordon,Consumer,Austria
SW-10455,Karen Ferguson,Home Office,United States
LP-7095,Anthony Rawles,Corporate,France
DW-3195,John Huston,Consumer,France
SC-10770,Bryan Mills,Consumer,India
HE-4800,Harold Dahlen,Home Office,China
DL-3495,Naresj Patel,Consumer,United States
EJ-4155,Andrew Allen,Consumer,Indonesia
JH-6180,Roy Collins,Consumer,United Kingdom
DK-3150,Ken Black,Corporate,United States
XP-11865,Meg O'Connel,Home Office,Singapore
KT-6480,Joy Daniels,Consumer,Guatemala
MB-8085,Muhammed Yedwab,Corporate,Australia
AR-345,Erica Hernandez,Home Office,United Kingdom
BD-1320,Art Foster,Consumer,Mexico
DP-3165,Jonathan Howell,Consumer,South Africa
KD-6495,Steve Chapman,Corporate,South Africa
CK-2595,Denny Joy,Corporate,Italy
SB-10170,Randy Ferguson,Corporate,United States
JJ-5760,Sally Knutson,Consumer,Mexico
GH-4485,Russell D'Ascenzo,Consumer,Iran
DB-3555,Katrina Edelman,Corporate,El Salvador
LB-6795,Linda Cazamias,Corporate,Turkey
KT-6465,John Murray,Consumer,Mexico
GA-4725,David Wiener,Corporate,India
DK-3090,Joy Daniels,Consumer,New Zealand
SS-10590,Ruben Dartt,Consumer,China
SD-10485,Helen Wasserman,Corporate,United States
TS-21085,Toby Carlisle,Consumer,United States
RA-9945,Theone Pippenger,Consumer,United States
JO-5145,Craig Leslie,Home Office,New Zealand
LW-7215,Bradley Drucker,Consumer,Australia
RB-9645,Mike Vittorini,Consumer,United States
MV-7485,Stuart Van,Corporate,United States
BW-1200,Russell D'Ascenzo,Consumer,Chile
CC-2610,Michael Moore,Consumer,United States
BD-1560,Rick Duston,Consumer,Australia
CS-2505,Seth Vernon,Consumer,United States
VT-11700,Lycoris Saunders,Consumer,Mexico
MC-7845,Laura Armstrong,Corporate,Brazil
KH-6690,Giulietta Dortch,Corporate,Australia
VS-11820,Brian Moss,Corporate,United States
NF-8475,Edward Becker,Corporate,Singapore
TB-11190,John Lee,Consumer,United States
TS-11205,Steve Carroll,Home Office,Poland
TD-10995,Noah Childs,Corporate,Cuba
EB-3750,Katherine Hughes,Consumer,Kenya
AH-690,Jill Matthias,Consumer,New Zealand
TB-11280,Beth Fritzler,Corporate,Dominican Republic
AM-705,Nathan Gelder,Consumer,United Kingdom
BD-1620,Corey-Lock,Consumer,Venezuela
KF-6285,Justin Hirsh,Consumer,Spain
BE-1335,Todd Sumrall,Corporate,Germany
HA-4905,Tom Boeckenhauer,Consumer,United States
ND-8370,Theresa Coyne,Corporate,Iran
AA-645,Frank Merwin,Home Office,Trinidad and Tobago
CC-2430,Sylvia Foulston,Corporate,Australia
PL-8925,Katherine Murray,Home Office,Germany
SO-10335,Paul Gonzalez,Consumer,Mexico
AY-555,Shahid Shariari,Consumer,France
JB-6000,Mike Pelletier,Home Office,Germany
SN-10560,Brosina Hoffman,Consumer,Australia
AH-465,Valerie Mitchum,Home Office,China
HW-4935,Cari Schnelling,Consumer,Philippines
MC-7425,Monica Federle,Corporate,Philippines
BT-1680,Katrina Bavinger,Home Office,Ireland
MG-7650,Mary O'Rourke,Consumer,France
CB-2415,Seth Vernon,Consumer,United States
CK-2760,Arthur Wiediger,Home Office,Guatemala
AG-330,Arianne Irving,Consumer,United States
MK-8160,Lena Cacioppo,Consumer,France
NC-8625,Jeremy Lonsdale,Consumer,Mexico
MO-7950,Linda Cazamias,Corporate,Guatemala
HF-4995,Sung Pak,Corporate,Brazil
SJ-10215,Bruce Degenhardt,Consumer,Guatemala
AO-810,Raymond Buch,Consumer,France
RM-9375,Frank Olsen,Consumer,United States
MM-8055,Rick Wilson,Corporate,South Africa
DN-3690,Tamara Manning,Consumer,Germany
EB-3930,Lela Donovan,Corporate,Mexico
NH-8610,Ken Dana,Corporate,Cuba
EL-3735,Angele Hood,Consumer,Belgium
PS-8760,Aimee Bixby,Consumer,Iran
ST-10530,Jim Epp,Corporate,United States
RH-9510,Ed Ludwig,Home Office,Mexico
BD-1605,Rick Wilson,Corporate,United States
SC-10440,Eleni McCrary,Corporate,New Zealand
CG-2040,Andy Gerbode,Corporate,Germany
TG-11310,Zuschuss Carroll,Consumer,Australia
FO-4305,Erica Smith,Consumer,United States
CS-1950,Phillina Ober,Home Office,Morocco
LE-6810,Barry Weirich,Consumer,Germany
DR-2880,Trudy Glocke,Consumer,United Kingdom
JR-5700,Jennifer Patt,Corporate,Mexico
MS-7710,Bill Shonely,Corporate,France
PM-8940,Eric Murdock,Consumer,Australia
AZ-750,Yana Sorensen,Corporate,United States
AA-375,Mark Van Huff,Consumer,Spain
FM-4290,Fred McMath,Consumer,China
CR-2820,Pamela Coakley,Corporate,Bulgaria
VB-11745,Brad Norvell,Corporate,Poland
RH-19600,Dave Hallsten,Corporate,Indonesia
KH-6330,Ann Blume,Corporate,India
ME-7725,Aaron Hawkins,Corporate,Ukraine
FA-4230,Adrian Hane,Home Office,Mexico
GM-4455,Luke Foster,Consumer,United States
KH-6510,Clytie Kelty,Consumer,France
CD-2790,Gary McGarr,Consumer,New Zealand
NB-8580,James Lanier,Home Office,United Kingdom
CS-2250,Nora Paige,Consumer,Germany
SP-10920,Julia Dunbar,Consumer,Morocco
TH-11100,Valerie Dominguez,Consumer,United States
DC-3285,Doug Jacobs,Consumer,Colombia
CM-2655,Evan Minnotte,Home Office,Philippines
RF-9735,Tracy Hopkins,Home Office,United States
LH-6750,Joe Kamberova,Consumer,United States
JM-5265,Bill Eplett,Home Office,Malaysia
CS-1845,Benjamin Venier,Corporate,China
CS-1860,Catherine Glotzbach,Home Office,China
BT-1485,Sanjit Jacobs,Home Office,France
KB-6240,Paul Van Hugh,Home Office,Russia
KB-6600,Raymond Buch,Consumer,China
LS-7230,Ken Black,Corporate,Australia
MS-7365,Muhammed Lee,Consumer,Germany
BG-1740,Jim Mitchum,Corporate,Germany
HJ-4875,Khloe Miller,Consumer,Indonesia
LR-6915,Mike Gockenbach,Consumer,El Salvador
JW-6075,Cari Sayre,Corporate,China
DJ-3420,Darrin Van Huff,Corporate,Mexico
SP-10650,Matt Collins,Consumer,China
VM-21835,Denny Joy,Corporate,Germany
CM-1815,Natalie Fritzler,Consumer,United Kingdom
MH-8025,Sylvia Foulston,Corporate,Iran
RD-9480,Christopher Martinez,Consumer,Mexico
PW-9030,Brian Stugart,Consumer,Mexico
EB-4170,Phillip Flathmann,Consumer,Mexico
SM-10950,Raymond Buch,Consumer,China
NP-8325,Raymond Buch,Consumer,China
MP-8175,Corey Roper,Home Office,India
CM-2160,Matt Abelman,Home Office,Germany
NP-8700,Patrick O'Donnell,Consumer,Algeria
BP-1185,Marc Harrigan,Home Office,Singapore
SW-10755,Shui Tom,Consumer,El Salvador
AC-450,Matt Abelman,Home Office,Sweden
SE-10110,Bill Eplett,Home Office,China
BS-1365,Emily Phan,Consumer,Mexico
RM-9750,Zuschuss Carroll,Consumer,United States
BT-1395,Adam Shillingsburg,Consumer,Nicaragua
BP-1155,Marc Harrigan,Home Office,Mexico
GT-4635,Laura Armstrong,Corporate,Austria
CM-1935,Victoria Brennan,Corporate,Spain
RE-9405,Nick Radford,Consumer,China
KS-6300,Michael Kennedy,Corporate,United States
TS-11160,Dionis Lloyd,Corporate,Germany
ML-7395,Cathy Prescott,Corporate,Panama
BF-1170,Duane Benoit,Consumer,France
NS-8640,Patricia Hirasaki,Home Office,New Zealand
RB-9570,Carl Jackson,Corporate,Brazil
FM-4380,Alan Barnes,Consumer,France
AG-300,Cathy Armstrong,Home Office,Germany
SW-10350,Heather Jas,Home Office,Indonesia
JR-6210,Brendan Sweed,Corporate,France
MD-7350,Keith Herrera,Consumer,Bangladesh
ML-7755,Mark Van Huff,Consumer,Spain
HA-4920,Roland Schwarz,Corporate,Philippines
AS-45,Christopher Conant,Consumer,India
BF-1215,Harry Greene,Consumer,Netherlands
LH-6900,Alex Avila,Consumer,Spain
DP-3390,Ed Ludwig,Home Office,United Kingdom
DH-3075,Gary Zandusky,Consumer,India
HM-4860,Jim Mitchum,Corporate,Australia
SB-10185,Paul Knutson,Home Office,United States
RF-9840,Natalie Fritzler,Consumer,China
SV-10935,Jason Fortune-,Consumer,Iran
CS-2355,Alyssa Tate,Home Office,Spain
GM-4695,Kean Takahito,Consumer,United States
AT-435,Joel Eaton,Consumer,Indonesia
MC-8130,Jennifer Braxton,Corporate,France
FP-4320,Chad Sievert,Consumer,France
DK-3225,Roger Barcio,Home Office,Egypt
VG-11790,Tamara Chand,Corporate,France
LF-7185,Fred Hopkins,Corporate,United States
NC-8535,Alex Grayson,Consumer,Colombia
DB-3405,Liz Preis,Consumer,Indonesia
MH-8115,Bruce Degenhardt,Consumer,Israel
SA-10830,Ruben Dartt,Consumer,Bangladesh
JK-5640,Ed Braxton,Corporate,Brazil
VF-11715,Patrick O'Brill,Consumer,Australia
VW-11775,Denise Leinenbach,Consumer,Australia
SN-10710,Michael Grace,Home Office,Australia
MS-7980,Harold Dahlen,Home Office,New Zealand
AD-180,Matthew Grinstein,Home Office,France
MC-8100,Brendan Sweed,Corporate,Brazil
JB-5925,Alejandro Grove,Consumer,New Zealand
JC-5340,Bill Tyler,Corporate,China
MF-7665,Nora Pelletier,Home Office,South Africa
RP-9270,Michelle Huthwaite,Consumer,United States
PF-9120,Phillina Ober,Home Office,Morocco
DK-2895,Steven Cartwright,Consumer,France
RW-9630,Joe Kamberova,Consumer,Italy
TM-11490,Corinna Mitchell,Home Office,Sweden
Co-2640,Mick Brown,Consumer,United States
EM-3810,Peter Fuller,Consumer,Australia
JK-6090,Bryan Mills,Consumer,Spain
JH-5430,Suzanne McNair,Corporate,United States
AR-405,Ben Peterman,Corporate,United States
TZ-11580,Ann Steele,Home Office,Nigeria
BG-1035,Steve Carroll,Home Office,China
PS-9045,Christopher Conant,Consumer,Indonesia
MS-7770,Patrick O'Donnell,Consumer,France
SS-10875,Mitch Gastineau,Corporate,Belgium
DB-2970,Debra Catini,Consumer,France
SS-10515,Paul Stevenson,Home Office,Singapore
AW-930,Becky Martin,Consumer,Colombia
PK-8910,Matt Collister,Corporate,Guatemala
GM-4440,Magdelene Morse,Consumer,Guatemala
CY-2745,Tom Prescott,Consumer,Canada
RW-9690,Corey Catlett,Corporate,China
CC-2100,Hallie Redmond,Home Office,United Kingdom
KD-6345,Hilary Holden,Corporate,India
KN-6390,Brad Thomas,Home Office,Spain
GT-4710,Shahid Shariari,Consumer,United States
TS-11085,Emily Burns,Consumer,Indonesia
RR-9525,Alex Russell,Corporate,Spain
MT-7815,Doug Jacobs,Consumer,United States
JA-5970,Jeremy Pistek,Consumer,United States
CB-2535,Tony Molinari,Consumer,France
AP-720,Art Ferguson,Consumer,Cuba
SP-10860,Stephanie Phelps,Corporate,Brazil
IL-5100,Justin Deggeller,Corporate,United States
VD-11670,Chad McGuire,Consumer,Egypt
EH-3765,Grace Kelly,Corporate,Chile
BS-1755,Tom Stivers,Corporate,Italy
HL-5040,John Grady,Corporate,China
CA-2310,Jennifer Ferguson,Consumer,United States
AC-420,Susan Vittorini,Consumer,Indonesia
CC-2145,Erin Ashbrook,Corporate,Mexico
KB-6585,Kean Nguyen,Corporate,Mexico
JG-5115,Fred Harton,Consumer,United Kingdom
GK-4620,Juliana Krohn,Consumer,Germany
FW-4395,Bryan Spruell,Home Office,South Africa
VM-11685,Frank Hawley,Corporate,United Kingdom
RB-9360,Joy Daniels,Consumer,Philippines
AG-495,Yoseph Carroll,Corporate,United States
IM-5070,Allen Armold,Consumer,Mexico
MC-7635,Alejandro Grove,Consumer,China
SH-10635,Max Ludwig,Home Office,United States
KC-6540,Bradley Nguyen,Consumer,France
QJ-9255,Emily Grady,Consumer,Algeria
JK-5325,Peter Bühler,Consumer,Colombia
AI-855,Brendan Dodson,Home Office,Myanmar (Burma)
SC-10095,Christy Brittain,Consumer,Nicaragua
CT-1995,Magdelene Morse,Consumer,Saudi Arabia
PJ-8835,Steven Cartwright,Consumer,United States
JM-6195,Mike Pelletier,Home Office,China
CV-2295,Sally Matthias,Consumer,Netherlands
DB-3120,Carl Ludwig,Consumer,Japan
NL-8310,Christopher Conant,Consumer,Iran
BB-1545,Ricardo Emerson,Consumer,El Salvador
BV-1245,Jason Klamczynski,Corporate,China
BS-1380,Ricardo Emerson,Consumer,Australia
KA-6525,Alejandro Savely,Corporate,India
RB-9795,Matthew Clasen,Corporate,Indonesia
EP-3915,John Castell,Consumer,Philippines
JS-5595,Neil Ducich,Corporate,Nicaragua
JE-5610,Sarah Foster,Consumer,United Kingdom
CJ-1875,Claire Gute,Consumer,United States
TH-11550,Tonja Turnell,Home Office,United States
HR-4830,Michelle Lonsdale,Corporate,Australia
KC-6675,Jeremy Lonsdale,Consumer,United States
LS-7200,Don Miller,Corporate,Mexico
DL-2925,Adam Bellavance,Home Office,United Kingdom
WB-11850,Maribeth Schnelling,Consumer,Malaysia
SJ-10500,Raymond Messe,Consumer,United Kingdom
DF-3135,Denny Ordway,Consumer,Vietnam
SZ-10035,Jeremy Lonsdale,Consumer,Iraq
CK-2205,Sibella Parks,Corporate,Australia
TM-11010,Karen Daniels,Consumer,China
FC-4335,Candace McMahon,Corporate,France
GB-4530,Rose O'Brian,Consumer,Bolivia
BF-1275,Corey Roper,Home Office,India
NB-8655,Sandra Flanagan,Consumer,Ukraine
EH-3990,Aaron Smayling,Corporate,United States
SP-10545,Mark Packer,Home Office,United States
Dp-3240,Luke Foster,Consumer,United Kingdom
LW-6825,Dionis Lloyd,Corporate,United States
EN-3780,Thomas Thornton,Consumer,Tanzania
TZ-11445,Lisa Hazard,Consumer,Nicaragua
KD-6615,Alan Haines,Corporate,El Salvador
LD-7005,Brad Norvell,Corporate,China
CL-1890,Ken Heidel,Corporate,Saudi Arabia
HG-4965,Anna Andreadi,Consumer,Indonesia
BO-1350,Jack Lebron,Consumer,France
YC-11895,Maria Zettner,Home Office,Mexico
JM-5535,Katherine Murray,Home Office,Zambia
RA-9885,Mark Van Huff,Consumer,Singapore
KM-6660,Art Foster,Consumer,Australia
DW-3585,Lindsay Shagiari,Home Office,United States
TS-11655,Kean Takahito,Consumer,Singapore
RK-9300,Elizabeth Moffitt,Corporate,France
SC-10020,Maria Etezadi,Home Office,China
AG-390,John Murray,Consumer,France
AT-735,Michael Moore,Consumer,Mexico
JW-5955,Ken Lonsdale,Consumer,United States
AF-885,Jim Radford,Consumer,Haiti
KB-6405,Evan Henry,Consumer,Germany
BP-1290,Maribeth Schnelling,Consumer,United Kingdom
OT-8730,Kelly Williams,Consumer,Romania
LS-6975,Dave Brooks,Consumer,Iraq
GD-4590,Eugene Moren,Home Office,Bangladesh
MP-7965,Randy Ferguson,Corporate,United States
DS-3180,Evan Henry,Consumer,Australia
ED-3885,Mitch Willingham,Corporate,Australia
NZ-8565,Dionis Lloyd,Corporate,France
JG-5805,Frank Atkinson,Corporate,Germany
EB-3870,Jill Fjeld,Consumer,Germany
BG-1695,Katrina Edelman,Corporate,Japan
SR-10425,Rose O'Brian,Consumer,United States
AS-90,Katrina Willman,Consumer,United Kingdom
SP-10620,Lori Olson,Corporate,Kenya
SH-10395,Gary McGarr,Consumer,Ecuador
AR-540,Delfina Latchford,Consumer,Netherlands
CM-2235,Anne Pryor,Home Office,Brazil
AS-225,Karl Braun,Consumer,Russia
RA-9915,Katrina Bavinger,Home Office,France
RS-9420,John Lee,Consumer,United States
TN-11040,Janet Molinari,Corporate,Bangladesh
VP-11730,Bruce Stewart,Consumer,Australia
KW-6435,Ed Ludwig,Home Office,United Kingdom
PP-8955,Darrin Van Huff,Corporate,Mexico
SC-10575,Jane Waco,Corporate,United States
ML-7410,Jill Fjeld,Consumer,Italy
CJ-2010,Juliana Krohn,Consumer,Italy
FG-4260,Maribeth Yedwab,Corporate,New Zealand
TW-11025,Rick Bensley,Home Office,Australia
DB-3210,Nat Carroll,Consumer,United States
EA-4035,Michael Nguyen,Consumer,United States
EM-3825,Christine Abelman,Corporate,Bangladesh
TB-11355,Maris LaWare,Consumer,Mexico
ME-8010,Noah Childs,Corporate,United States
JE-5715,Kristen Hastings,Corporate,United States
MC-7605,Herbert Flentye,Consumer,France
FH-4350,Michael Paige,Corporate,Vietnam
BC-1125,Charles Sheldon,Corporate,India
MG-7875,Jennifer Jackson,Consumer,Belgium
FH-4275,Jill Fjeld,Consumer,Brazil
DK-2985,Fred Wasserman,Corporate,Indonesia
BK-1260,Logan Currie,Consumer,United States
MP-7470,Denise Leinenbach,Consumer,Australia
SC-10800,Monica Federle,Corporate,France
BD-1500,Caroline Jumper,Consumer,United States
RC-9825,Russell Applegate,Consumer,Italy
MG-7890,Randy Ferguson,Corporate,China
ZC-11910,Christina Anderson,Consumer,United States
